Sample_name,Locus,input,filtered,denoised_F,denoised_R,merged,tabled,nonchim
COI.0421.1Prt.Dn.1,COI,35361,33017,28164,27612,23962,23962,23819
MBT.1m2.072021,COI,16311,15359,14727,14658,13898,13898,13691
MBT.1m3.072021,COI,41396,39204,38510,38550,37231,37231,36600
HIP.1m3.072021,COI,37305,35055,34128,34282,32251,32251,31726
HIP.15m.0721,COI,29723,26319,25040,25159,23724,23724,23288
HIP.30m.0721,COI,44234,41805,39956,40062,38134,38134,37451
Delta.BAC1.072021,COI,50433,48017,45748,46063,41643,41643,40612
